age,avg_rating
31,7.066666666666666
37,7.235294117647059
34,6.542857142857143
39,5.84375
